query,response
My order hasn't arrived yet.,We apologize for the inconvenience. Can you please provide your order number so we can investigate?
I received a damaged product.,We apologize for the inconvenience. Can you please provide a photo of the damaged product so we can assist you further?
I need to return an item.,"Certainly. Please provide your order number and reason for return, and we will provide you with instructions on how to proceed."
I want to change my shipping address.,No problem. Can you please provide your order number and the new shipping address you'd like to use?
I have a question about my bill.,We'd be happy to help. Can you please provide your account number and a brief description of your question?
How do I cancel my subscription?,We're sorry to hear that. Can you please provide your account email and the name of the subscription you'd like to cancel?
Can I get a refund for my purchase?,We understand your concern. Please provide your order number and the reason for your refund request so we can assist you further.
I'd like to track my order.,Of course. Can you please provide your order number so we can check the current status for you?
My account has been locked.,We apologize for the inconvenience. Can you please provide your account email so we can help you regain access?
I can't find the item I'm looking for.,We're here to help. Can you please provide a description or product name of the item you're looking for so we can assist you?
I'm having trouble applying a promo code.,"We apologize for the inconvenience. Can you please provide the promo code you're trying to use, and we'll help you resolve the issue?"
How do I update my payment information?,We can help with that. Can you please provide your account email so we can guide you through updating your payment information?
I haven't received a response to my email inquiry.,We apologize for the delay. Can you please provide your ticket number or account email so we can follow up on your inquiry?
Can I change the size of an item in my order?,Certainly. Can you please provide your order number and the details of the item you'd like to change?
What is the status of my warranty claim?,We'd be happy to check for you. Can you please provide your claim number or the product's serial number?
Is my item in stock?,"To check availability, can you please provide the product name or SKU so we can assist you?"
My promo code has expired. Can I still use it?,"Unfortunately, expired promo codes cannot be used. However, please provide the code, and we'll see if there's a similar offer currently available."
How do I reset my password?,"We can help with that. Please provide your account email, and we'll send you instructions on how to reset your password."
Can I place a bulk order?,"Certainly. Can you please provide the product name or SKU, and the quantity you'd like to order so we can check availability and pricing?"
How do I apply for a job at your company?,Thank you for your interest. Can you please provide your email address so we can send you information on how to apply?
Can I add an item to an existing order?,We'll do our best to help. Can you please provide your order number and the details of the item you'd like to add?
How long does shipping take?,We'd be happy to provide an estimate. Can you please provide your shipping destination and the product name or SKU?
I was charged twice for my order.,We apologize for the inconvenience. Can you please provide your order number so we can investigate and resolve the issue?
Where can I find your sizing chart?,We'd be happy to help. Can you please provide the product name or SKU so we can direct you to the appropriate sizing chart?
I need technical support for a product.,"We're here to help. Can you please provide the product name, SKU, or serial number, and a description of the issue you're experiencing?"
Can I exchange an item for a different color?,Certainly. Can you please provide your order number and the details of the item you'd like to exchange?
How do I apply for a store credit card?,Thank you for your interest. Can you please provide your email address so we can send you information on how to apply?
Where is your store located?,We'd be happy to help you find a store near you. Can you please provide your city and state or zip code?
I can't log into my account.,We apologize for the inconvenience. Can you please provide your account email so we can help you troubleshoot the issue?
Do you offer gift wrapping?,We do offer gift wrapping for select items. Can you please provide the product name or SKU so we can confirm if gift wrapping is available?
Can I schedule a delivery?,Certainly. Can you please provide your order number and the preferred date and time for delivery?
How do I unsubscribe from your newsletter?,We're sorry to see you go. Can you please provide your email address so we can remove you from our mailing list?
What is your return policy?,We'd be happy to provide information on our return policy. Can you please provide the product name or SKU so we can give you the most accurate information?
Do you offer price matching?,We do offer price matching in certain cases. Can you please provide the product name or SKU and the competitor's pricing information?
Are there any current promotions or sales?,"We'd be happy to inform you of any current promotions. Can you please provide the product name or SKU you're interested in, or the type of promotion you're looking for?"
My coupon isn't working.,We apologize for the inconvenience. Can you please provide the coupon code and the product name or SKU you're trying to apply it to?
Can you help me with a product recommendation?,"Of course! Can you please provide some details about what you're looking for, such as product type, features, or price range?"
Do you offer international shipping?,We'd be happy to help. Can you please provide your shipping destination and the product name or SKU you're interested in?
Can I place an order over the phone?,"Certainly. Can you please provide your phone number and the best time to reach you, and one of our representatives will contact you to place the order?"
How do I know if my order went through?,We can help you with that. Can you please provide your account email or order number so we can check the status for you?